"ID","Description","GeneRatio","BgRatio","pvalue","p.adjust","qvalue","geneID","Count"
"R-HSA-389661","Glyoxylate metabolism and glycine degradation","3/31","19/7886",5.10827924477379e-05,0.00735592211247426,0.00618370645419985,"PDHA1/DLD/DLST",3
"R-HSA-71064","Lysine catabolism","2/31","7/7886",0.00031025198272449,0.0223381427561633,0.0187784094806928,"DLD/DLST",2
"R-HSA-71406","Pyruvate metabolism and Citric Acid (TCA) cycle","3/31","41/7886",0.000529998690413305,0.0254399371398387,0.0213859120693088,"PDHA1/DLD/DLST",3
"R-HSA-204174","Regulation of pyruvate dehydrogenase (PDH) complex","2/31","14/7886",0.00132155532018631,0.0475759915267072,0.0399944373214278,"PDHA1/DLD",2
"R-HSA-71403","Citric acid cycle (TCA cycle)","2/31","16/7886",0.00173419654858226,0.0499448605991691,0.0419858111762021,"DLD/DLST",2
