"ID","Description","GeneRatio","BgRatio","pvalue","p.adjust","qvalue","geneID","Count"
"GO:0018335","protein succinylation","2/48","3/11702",4.92989263051308e-05,0.0185598318343824,0.0171037283315075,"DLD/DLST",2
"GO:0106077","histone succinylation","2/48","3/11702",4.92989263051308e-05,0.0185598318343824,0.0171037283315075,"DLD/DLST",2
"GO:0045333","cellular respiration","6/48","164/11702",5.21343590853438e-05,0.0185598318343824,0.0171037283315075,"IMMP2L/PDHA1/COX15/DLD/COQ9/DLST",6
"GO:0006084","acetyl-CoA metabolic process","3/48","22/11702",9.4435781768078e-05,0.0252143537320768,0.0232361726192508,"PDHA1/DLD/DLST",3
"GO:0061732","mitochondrial acetyl-CoA biosynthetic process from pyruvate","2/48","5/11702",0.000163469780541892,0.029180567087572,0.0268912184376895,"PDHA1/DLD",2
"GO:0009060","aerobic respiration","5/48","127/11702",0.000163935770154899,0.029180567087572,0.0268912184376895,"PDHA1/COX15/DLD/COQ9/DLST",5
"GO:0022904","respiratory electron transport chain","4/48","79/11702",0.000298783324714957,0.0422715018963916,0.0389551096719162,"IMMP2L/COX15/DLD/COQ9",4
"GO:0006627","protein processing involved in protein targeting to mitochondrion","2/48","7/11702",0.000341490996324542,0.0422715018963916,0.0389551096719162,"IMMP2L/IMMP1L",2
"GO:0015980","energy derivation by oxidation of organic compounds","6/48","233/11702",0.000356220521598805,0.0422715018963916,0.0389551096719162,"IMMP2L/PDHA1/COX15/DLD/COQ9/DLST",6
