"ID","Description","GeneRatio","BgRatio","pvalue","p.adjust","qvalue","geneID","Count"
"GO:0002181","cytoplasmic translation","12/48","107/11702",9.61936375811568e-15,7.55120055012081e-12,6.43991089490692e-12,"RPL6/RPL18/RPL23/RPS4X/RPL5/RPL14/RPL8/RPL7A/RPL30/RPS13/RPS11/RPS9",12
"GO:0006412","translation","16/48","479/11702",3.25947699706544e-11,1.27934472134819e-08,1.09106703691243e-08,"ELAVL1/RPL6/ZNF598/MOV10/RPL18/RPL23/RPS4X/RPL5/RPL14/RPL8/MRPL58/RPL7A/RPL30/RPS13/RPS11/RPS9",16
"GO:0043043","peptide biosynthetic process","16/48","498/11702",5.82986110929867e-11,1.52548032359982e-08,1.30097953175928e-08,"ELAVL1/RPL6/ZNF598/MOV10/RPL18/RPL23/RPS4X/RPL5/RPL14/RPL8/MRPL58/RPL7A/RPL30/RPS13/RPS11/RPS9",16
"GO:0042273","ribosomal large subunit biogenesis","4/48","55/11702",7.28890636583497e-05,0.0143044787429511,0.0121993274965027,"RPL6/RPL5/RPL14/RPL7A",4
"GO:0031397","negative regulation of protein ubiquitination","4/48","72/11702",0.000208925559917975,0.0328013129071221,0.0279740328648068,"SIRT7/RPL23/RPL5/DNAJA1",4
"GO:1903321","negative regulation of protein modification by small protein conjugation or removal","4/48","81/11702",0.000328867643403724,0.0430268500119872,0.0366947054745208,"SIRT7/RPL23/RPL5/DNAJA1",4
